{
    "loss": [
        1.3727095127105713,
        0.43741223216056824,
        0.26175060868263245,
        0.18117879331111908,
        0.136750265955925,
        0.10542468726634979,
        0.08593042939901352,
        0.07384628802537918,
        0.06546317040920258,
        0.05429727956652641
    ],
    "accuracy": [
        0.5968987941741943,
        0.8612419366836548,
        0.915570080280304,
        0.9415178894996643,
        0.9542641639709473,
        0.9648765921592712,
        0.9711644053459167,
        0.9761434197425842,
        0.9790312051773071,
        0.9824027419090271
    ],
    "val_loss": [
        0.6100433468818665,
        0.2802932858467102,
        0.2654820382595062,
        0.18466220796108246,
        0.17188070714473724,
        0.11245054751634598,
        0.18552321195602417,
        0.16784526407718658,
        0.11558201164007187,
        0.13189302384853363
    ],
    "val_accuracy": [
        0.8076485395431519,
        0.9105964303016663,
        0.9145231246948242,
        0.9396767616271973,
        0.9459367394447327,
        0.9653425812721252,
        0.9440017938613892,
        0.9492943286895752,
        0.9642044305801392,
        0.961586594581604
    ]
}